{ "Label": "TV Tower Vilnius", "Latitude": 54.6883303, "Longitude": 25.2153236 }
{ "Label": "TV Tower Talin", "Latitude": 59.4711608, "Longitude": 24.8878226 }
